Workbook

Sheet questionnaire
A1: YYYY-MM | B1: Name | C1: Q1 | D1: Q2 | E1: Q3 | F1: Q4 | G1: Q5 | H1: Q6 | I1: Q1Comment | J1: Q2Comment | K1: Q3Comment | L1: Q4Comment | M1: Q5Comment | N1: Q6Comment
A2: 2021-07 | B2: 北澤 由貴(Yoshitaka Kitazawa)_PF-Point | C2: 5 | D2: 4 | E2: 7 | F2: 5 | G2: 2 | H2: 1 | I2: 楽しさもあるが、ポイントやRabbitと並行でやる辛さもある | J2: 最初に導入する事業が決まっていないので、会社への影響度合いがわからない | K2: 設計/開発/チームビルディングなど今後も活かせる力がつけられると思う | L2: 落胆させたくない思いはあるが、そこは重要ではない | M2: なんとかなるだろう精神
A3: 2021-07 | B3: 小西 一平(Konishi Ippei)_PF | C3: 5 | D3: 6 | E3: 4 | F3: 6 | G3: 1 | H3: 1
A4: 2021-07 | B4: 岡本 忠浩(Tadahiro Okamoto, okp)_PF | C4: 5 | D4: 5 | E4: 5 | F4: 5 | G4: 1 | H4: 1
A5: 2021-07 | B5: 谷内 春氏(yachi-shunji)_Com_PF-Point | C5: 3 | D5: 2 | E5: 4 | F5: 5 | G5: 2 | H5: 1
A6: 2021-07 | B6: Felius Frank_sys-pf | C6: 5 | D6: 7 | E6: 6 | F6: 5 | G6: 1 | H6: 1 | J6: プラットフォーム部、決済、Rabbit、事業へ大きい影響を与えることで、DMM会員にプラスになると思います。
A7: 2021-07 | B7: 大村 真琴(Omura Makoto)_CTO室/VPoE室 | C7: 4 | D7: 5 | E7: 6 | F7: 1 | G7: 4 | H7: 4 | I7: NapoleonTeamで、まだ私がチーム感を感じられていないか職能的に一人だけのアサインなのでペアデザもなく孤独感があるからかも知れません。特に何も感じないので真ん中の数字を添えてます。 | J7: 数値的なインパクトはMVPでは分からないですが、今後のDMM全体の決済の基礎になると思うので確実に大きな影響を与えてくれることに期待してます。 | K7: 以前はDMMの一つのアプリにとどまっていてDMMのドメイン知識が浅いままでしたが、今回のNapoleonTeamではそこが補われていって段々改善の勘所も掴めてくるのかなーって思ってます。 | L7: まだ今回のProjectNapoleonでは、その視座が養われていないかもです。良くも悪くもあまり周囲のことを気にかけていないかも知れません。努力しますmm | M7: リソース支援の立場なので不明とします。 | N7: リソース支援の立場なので特になしにします。
A8: 2021-07 | B8: 村岡 功(muraoka-ko)_pf-pointclub | C8: 6 | D8: 6 | E8: 6 | F8: 3 | G8: 1 | H8: 1
A9: 2021-07 | B9: 佐藤 直樹(Sato Naoki)_PF-Point | C9: 6 | D9: 7 | E9: 7 | F9: 4 | G9: 1 | H9: 1 | I9: 途中参加ではありますが、PO業務を経験できるのは楽しいです。 | J9: これまでボトルネックとなっていた決済システムの導入コスト削減につながると思います。 | K9: 将来マネジメント領域でのキャリアを考えているので良い経験になっていると思います。 | L9: ステークホルダーの期待の高さを感じることはあります。失敗できないというプレッシャーも大きいです。 | M9: 経済的な圧力は感じていないです。 | N9: 惰性は全くないです。
A10: 2021-08 | B10: 村岡 功(muraoka-ko)_pf-pointclub | C10: 5 | D10: 5 | E10: 6 | F10: 4 | G10: 3 | H10: 1
A11: 2021-08 | B11: 柏熊 宏幸(Kashiwaguma Hiroyuki)_PF-Point | C11: 6 | D11: 6 | E11: 5 | F11: 6 | G11: 7 | H11: 5 | I11: 楽しくなってきた | J11: 導入事業が居ないのは残念だが、すぐ導入できる決済サービスを提供できる未来像があるので | L11: やらないと（使命感 | N11: 動くものができてきたらもっとモチベUPする
A12: 2021-08 | B12: 岡本 忠浩(Tadahiro Okamoto, okp)_PF | C12: 4 | D12: 4 | E12: 4 | F12: 1 | G12: 1 | H12: 1
A13: 2021-08 | B13: Felius Frank_sys-pf | C13: 5 | D13: 7 | E13: 7 | F13: 3 | G13: 1 | H13: 1 | I13: 色々な専門をもつ人と相談して、決定が多くできて、楽しいです。 | J13: ペイメントサービス部の未来を作っていると思います。 | K13: テックリダー、マネジメントの経験を多くできています。 | L13: 自分自身NapoleonPayをやりたいので、感情的圧力で動くことはないです。ただし、優先度、やり方、スケジュールの調整に関して、感情的圧力を感じなくもないです。 | M13: NapoleonTeamの仕事ができても、金銭的な目標・生活の維持と関係あるかわからないです。良くもないですが、-7にしたいです。 | N13: 野望あります。
A14: 202108 | B14: 大村 真琴(Omura Makoto)_CTO室/VPoE室 | C14: 4 | D14: 7 | E14: 4 | F14: 1 | G14: 4 | H14: 1 | I14: 最近少しだけ楽しく感じてきました。
A15: 2021-08 | B15: 谷内 春氏(yachi-shunji)_Com_PF-Point | C15: 4 | D15: 3 | E15: 5 | F15: 5 | G15: 2 | H15: 2
A16: 2021-09 | B16: 谷内 春氏(yachi-shunji)_Com_PF-Point | C16: 5 | D16: 3 | E16: 4 | F16: 3 | G16: 2 | H16: 2
A17: 202109 | B17: 柏熊 宏幸(Kashiwaguma Hiroyuki)_PF-Point | C17: 4 | D17: 6 | E17: 6 | F17: 6 | G17: 7 | H17: 4 | N17: DMM PayによってDMMにはインパクトを与えることはできるが、世の中的にはすでに同じようなイケてるプロダクト(Pay ID)があるので、外を見ると微妙な気持ちになる。
A18: 2021-09 | B18: 村岡 功(muraoka-ko)_pf-pointclub | C18: 5 | D18: 5 | E18: 2 | F18: 1 | G18: 1 | H18: 5
A19: 2021-09 | B19: 佐藤 直樹(Sato Naoki)_PF-Point | C19: 6 | D19: 7 | E19: 7 | F19: 3 | G19: 2 | H19: 1 | I19: 前回から変わらず | J19: DMMの次期購入システムになる可能性もあり影響は大きいと感じています | N19: 惰性に感じることはないです

Sheet processed_data
A1: YYYY-MM | B1: Name | C1: Q1 | D1: Q2 | E1: Q3 | F1: Q4 | G1: Q5 | H1: Q6 | I1: ToMo指数
A2: =questionnaire!A2 -> 2021-07 | B2: =questionnaire!B2 -> 北澤 由貴(Yoshitaka Kitazawa)_PF-Point | C2: =questionnaire!C2 -> 5 | D2: =questionnaire!D2 -> 4 | E2: =questionnaire!E2 -> 7 | F2: =8-questionnaire!F2 -> 3 | G2: =8-questionnaire!G2 -> 6 | H2: =8-questionnaire!H2 -> 7 | I2: =C2*10+D2*5+E2*1.66-(questionnaire!F2*1.66+questionnaire!G2*5+questionnaire!H2*10) -> 53.32
A3: =questionnaire!A3 -> 2021-07 | B3: =questionnaire!B3 -> 小西 一平(Konishi Ippei)_PF | C3: =questionnaire!C3 -> 5 | D3: =questionnaire!D3 -> 6 | E3: =questionnaire!E3 -> 4 | F3: =8-questionnaire!F3 -> 2 | G3: =8-questionnaire!G3 -> 7 | H3: =8-questionnaire!H3 -> 7 | I3: =C3*10+D3*5+E3*1.66-(questionnaire!F3*1.66+questionnaire!G3*5+questionnaire!H3*10) -> 61.68
A4: =questionnaire!A4 -> 2021-07 | B4: =questionnaire!B4 -> 岡本 忠浩(Tadahiro Okamoto, okp)_PF | C4: =questionnaire!C4 -> 5 | D4: =questionnaire!D4 -> 5 | E4: =questionnaire!E4 -> 5 | F4: =8-questionnaire!F4 -> 3 | G4: =8-questionnaire!G4 -> 7 | H4: =8-questionnaire!H4 -> 7 | I4: =C4*10+D4*5+E4*1.66-(questionnaire!F4*1.66+questionnaire!G4*5+questionnaire!H4*10) -> 60
A5: =questionnaire!A5 -> 2021-07 | B5: =questionnaire!B5 -> 谷内 春氏(yachi-shunji)_Com_PF-Point | C5: =questionnaire!C5 -> 3 | D5: =questionnaire!D5 -> 2 | E5: =questionnaire!E5 -> 4 | F5: =8-questionnaire!F5 -> 3 | G5: =8-questionnaire!G5 -> 6 | H5: =8-questionnaire!H5 -> 7 | I5: =C5*10+D5*5+E5*1.66-(questionnaire!F5*1.66+questionnaire!G5*5+questionnaire!H5*10) -> 18.34
A6: =questionnaire!A6 -> 2021-07 | B6: =questionnaire!B6 -> Felius Frank_sys-pf | C6: =questionnaire!C6 -> 5 | D6: =questionnaire!D6 -> 7 | E6: =questionnaire!E6 -> 6 | F6: =8-questionnaire!F6 -> 3 | G6: =8-questionnaire!G6 -> 7 | H6: =8-questionnaire!H6 -> 7 | I6: =C6*10+D6*5+E6*1.66-(questionnaire!F6*1.66+questionnaire!G6*5+questionnaire!H6*10) -> 71.66
A7: =questionnaire!A7 -> 2021-07 | B7: =questionnaire!B7 -> 大村 真琴(Omura Makoto)_CTO室/VPoE室 | C7: =questionnaire!C7 -> 4 | D7: =questionnaire!D7 -> 5 | E7: =questionnaire!E7 -> 6 | F7: =8-questionnaire!F7 -> 7 | G7: =8-questionnaire!G7 -> 4 | H7: =8-questionnaire!H7 -> 4 | I7: =C7*10+D7*5+E7*1.66-(questionnaire!F7*1.66+questionnaire!G7*5+questionnaire!H7*10) -> 13.3
A8: =questionnaire!A8 -> 2021-07 | B8: =questionnaire!B8 -> 村岡 功(muraoka-ko)_pf-pointclub | C8: =questionnaire!C8 -> 6 | D8: =questionnaire!D8 -> 6 | E8: =questionnaire!E8 -> 6 | F8: =8-questionnaire!F8 -> 5 | G8: =8-questionnaire!G8 -> 7 | H8: =8-questionnaire!H8 -> 7 | I8: =C8*10+D8*5+E8*1.66-(questionnaire!F8*1.66+questionnaire!G8*5+questionnaire!H8*10) -> 79.98
A9: =questionnaire!A9 -> 2021-07 | B9: =questionnaire!B9 -> 佐藤 直樹(Sato Naoki)_PF-Point | C9: =questionnaire!C9 -> 6 | D9: =questionnaire!D9 -> 7 | E9: =questionnaire!E9 -> 7 | F9: =8-questionnaire!F9 -> 4 | G9: =8-questionnaire!G9 -> 7 | H9: =8-questionnaire!H9 -> 7 | I9: =C9*10+D9*5+E9*1.66-(questionnaire!F9*1.66+questionnaire!G9*5+questionnaire!H9*10) -> 84.98
A10: =questionnaire!A10 -> 2021-08 | B10: =questionnaire!B10 -> 村岡 功(muraoka-ko)_pf-pointclub | C10: =questionnaire!C10 -> 5 | D10: =questionnaire!D10 -> 5 | E10: =questionnaire!E10 -> 6 | F10: =8-questionnaire!F10 -> 4 | G10: =8-questionnaire!G10 -> 5 | H10: =8-questionnaire!H10 -> 7 | I10: =C10*10+D10*5+E10*1.66-(questionnaire!F10*1.66+questionnaire!G10*5+questionnaire!H10*10) -> 53.32
A11: =questionnaire!A11 -> 2021-08 | B11: =questionnaire!B11 -> 柏熊 宏幸(Kashiwaguma Hiroyuki)_PF-Point | C11: =questionnaire!C11 -> 6 | D11: =questionnaire!D11 -> 6 | E11: =questionnaire!E11 -> 5 | F11: =8-questionnaire!F11 -> 2 | G11: =8-questionnaire!G11 -> 1 | H11: =8-questionnaire!H11 -> 3 | I11: =C11*10+D11*5+E11*1.66-(questionnaire!F11*1.66+questionnaire!G11*5+questionnaire!H11*10) -> 3.34
A12: =questionnaire!A12 -> 2021-08 | B12: =questionnaire!B12 -> 岡本 忠浩(Tadahiro Okamoto, okp)_PF | C12: =questionnaire!C12 -> 4 | D12: =questionnaire!D12 -> 4 | E12: =questionnaire!E12 -> 4 | F12: =8-questionnaire!F12 -> 7 | G12: =8-questionnaire!G12 -> 7 | H12: =8-questionnaire!H12 -> 7 | I12: =C12*10+D12*5+E12*1.66-(questionnaire!F12*1.66+questionnaire!G12*5+questionnaire!H12*10) -> 49.98
A13: =questionnaire!A13 -> 2021-08 | B13: =questionnaire!B13 -> Felius Frank_sys-pf | C13: =questionnaire!C13 -> 5 | D13: =questionnaire!D13 -> 7 | E13: =questionnaire!E13 -> 7 | F13: =8-questionnaire!F13 -> 5 | G13: =8-questionnaire!G13 -> 7 | H13: =8-questionnaire!H13 -> 7 | I13: =C13*10+D13*5+E13*1.66-(questionnaire!F13*1.66+questionnaire!G13*5+questionnaire!H13*10) -> 76.64
... A998: =questionnaire!A998 | B998: =questionnaire!B998 | C998: =questionnaire!C998 | D998: =questionnaire!D998 | E998: =questionnaire!E998 | F998: =8-questionnaire!F998 -> 8 | G998: =8-questionnaire!G998 -> 8 | H998: =8-questionnaire!H998 -> 8 | I998: =C998*10+D998*5+E998*1.66-(questionnaire!F998*1.66+questionnaire!G998*5+questionnaire!H998*10) -> 0

Sheet aggregate
A1: YYYY-MM | B1: Q1-Average | C1: Q2-Average | D1: Q3-Average | E1: Q4-Average | F1: Q5-Average | G1: Q6-Average | H1: Q1-Median | I1: Q2-Median | J1: Q3-Median | K1: Q4-Median | L1: Q5-Median | M1: Q6-Median | N1: Sum | O1: Average | P1: Count | Q1: ToMo指数（Average） | R1: ToMo指数（Median）
A2: 2021-07 | B2: =ROUND(AVERAGEIF(processed_data!$A:$A,$A2,processed_data!C:C),2) -> 4.88 | C2: =ROUND(AVERAGEIF(processed_data!$A:$A,$A2,processed_data!D:D),2) -> 5.25 | D2: =ROUND(AVERAGEIF(processed_data!$A:$A,$A2,processed_data!E:E),2) -> 5.63 | E2: =ROUND(AVERAGEIF(processed_data!$A:$A,$A2,processed_data!F:F),2) -> 3.75 | F2: =ROUND(AVERAGEIF(processed_data!$A:$A,$A2,processed_data!G:G),2) -> 6.38 | G2: =ROUND(AVERAGEIF(processed_data!$A:$A,$A2,processed_data!H:H),2) -> 6.63 | H2: =IFERROR(__xludf.DUMMYFUNCTION("median(filter(processed_data!C:C,isnumber(processed_data!C:C),processed_data!$A:$A=$A2))"),5.0) -> 5 | I2: =IFERROR(__xludf.DUMMYFUNCTION("median(filter(processed_data!D:D,isnumber(processed_data!D:D),processed_data!$A:$A=$A2))"),5.5) -> 5.5 | J2: =IFERROR(__xludf.DUMMYFUNCTION("median(filter(processed_data!E:E,isnumber(processed_data!E:E),processed_data!$A:$A=$A2))"),6.0) -> 6 | K2: =IFERROR(__xludf.DUMMYFUNCTION("median(filter(processed_data!F:F,isnumber(processed_data!F:F),processed_data!$A:$A=$A2))"),3.0) -> 3 | L2: =IFERROR(__xludf.DUMMYFUNCTION("median(filter(processed_data!G:G,isnumber(processed_data!G:G),processed_data!$A:$A=$A2))"),7.0) -> 7 | M2: =IFERROR(__xludf.DUMMYFUNCTION("median(filter(processed_data!H:H,isnumber(processed_data!H:H),processed_data!$A:$A=$A2))"),7.0) -> 7 | N2: =SUM(B2:G2) -> 32.52 | O2: =ROUND(AVERAGE(B2:G2),1) -> 5.4 | P2: =COUNTIF(processed_data!$A:$A,"2021-07") -> 8 | Q2: =ROUND(AVERAGEIF(processed_data!$A:$A,$A2,processed_data!I:I),2) -> 55.41 | R2: =IFERROR(__xludf.DUMMYFUNCTION("median(filter(processed_data!I:I,isnumber(processed_data!I:I),processed_data!$A:$A=$A2))"),60.84) -> 60.84
A3: 2021-08 | B3: =ROUND(AVERAGEIF(processed_data!$A:$A,$A3,processed_data!C:C),2) -> 4.8 | C3: =ROUND(AVERAGEIF(processed_data!$A:$A,$A3,processed_data!D:D),2) -> 5 | D3: =ROUND(AVERAGEIF(processed_data!$A:$A,$A3,processed_data!E:E),2) -> 5.4 | E3: =ROUND(AVERAGEIF(processed_data!$A:$A,$A3,processed_data!F:F),2) -> 4.2 | F3: =ROUND(AVERAGEIF(processed_data!$A:$A,$A3,processed_data!G:G),2) -> 5.2 | G3: =ROUND(AVERAGEIF(processed_data!$A:$A,$A3,processed_data!H:H),2) -> 6 | H3: =IFERROR(__xludf.DUMMYFUNCTION("median(filter(processed_data!C:C,isnumber(processed_data!C:C),processed_data!$A:$A=$A3))"),5.0) -> 5 | I3: =IFERROR(__xludf.DUMMYFUNCTION("median(filter(processed_data!D:D,isnumber(processed_data!D:D),processed_data!$A:$A=$A3))"),5.0) -> 5 | J3: =IFERROR(__xludf.DUMMYFUNCTION("median(filter(processed_data!E:E,isnumber(processed_data!E:E),processed_data!$A:$A=$A3))"),5.0) -> 5 | K3: =IFERROR(__xludf.DUMMYFUNCTION("median(filter(processed_data!F:F,isnumber(processed_data!F:F),processed_data!$A:$A=$A3))"),4.0) -> 4 | L3: =IFERROR(__xludf.DUMMYFUNCTION("median(filter(processed_data!G:G,isnumber(processed_data!G:G),processed_data!$A:$A=$A3))"),6.0) -> 6 | M3: =IFERROR(__xludf.DUMMYFUNCTION("median(filter(processed_data!H:H,isnumber(processed_data!H:H),processed_data!$A:$A=$A3))"),7.0) -> 7 | N3: =SUM(B3:G3) -> 30.6 | O3: =ROUND(AVERAGE(B3:G3),1) -> 5.1 | P3: =COUNTIF(processed_data!$A:$A,A3) -> 5 | Q3: =ROUND(AVERAGEIF(processed_data!$A:$A,$A3,processed_data!I:I),2) -> 41.66 | R3: =IFERROR(__xludf.DUMMYFUNCTION("median(filter(processed_data!I:I,isnumber(processed_data!I:I),processed_data!$A:$A=$A3))"),49.980000000000004) -> 49.98
A4: 2021-09 | B4: =ROUND(AVERAGEIF(processed_data!$A:$A,$A4,processed_data!C:C),2) -> 5.33 | C4: =ROUND(AVERAGEIF(processed_data!$A:$A,$A4,processed_data!D:D),2) -> 5 | D4: =ROUND(AVERAGEIF(processed_data!$A:$A,$A4,processed_data!E:E),2) -> 4.33 | E4: =ROUND(AVERAGEIF(processed_data!$A:$A,$A4,processed_data!F:F),2) -> 5.67 | F4: =ROUND(AVERAGEIF(processed_data!$A:$A,$A4,processed_data!G:G),2) -> 6.33 | G4: =ROUND(AVERAGEIF(processed_data!$A:$A,$A4,processed_data!H:H),2) -> 5.33 | H4: =IFERROR(__xludf.DUMMYFUNCTION("median(filter(processed_data!C:C,isnumber(processed_data!C:C),processed_data!$A:$A=$A4))"),5.0) -> 5 | I4: =IFERROR(__xludf.DUMMYFUNCTION("median(filter(processed_data!D:D,isnumber(processed_data!D:D),processed_data!$A:$A=$A4))"),5.0) -> 5 | J4: =IFERROR(__xludf.DUMMYFUNCTION("median(filter(processed_data!E:E,isnumber(processed_data!E:E),processed_data!$A:$A=$A4))"),4.0) -> 4 | K4: =IFERROR(__xludf.DUMMYFUNCTION("median(filter(processed_data!F:F,isnumber(processed_data!F:F),processed_data!$A:$A=$A4))"),5.0) -> 5 | L4: =IFERROR(__xludf.DUMMYFUNCTION("median(filter(processed_data!G:G,isnumber(processed_data!G:G),processed_data!$A:$A=$A4))"),6.0) -> 6 | M4: =IFERROR(__xludf.DUMMYFUNCTION("median(filter(processed_data!H:H,isnumber(processed_data!H:H),processed_data!$A:$A=$A4))"),6.0) -> 6 | N4: =SUM(B4:G4) -> 31.99 | O4: =ROUND(AVERAGE(B4:G4),1) -> 5.3 | P4: =COUNTIF(processed_data!$A:$A,A4) -> 3 | Q4: =ROUND(AVERAGEIF(processed_data!$A:$A,$A4,processed_data!I:I),2) -> 46.65 | R4: =IFERROR(__xludf.DUMMYFUNCTION("median(filter(processed_data!I:I,isnumber(processed_data!I:I),processed_data!$A:$A=$A4))"),36.66) -> 36.66
A5: 2021-10 | B5: =ROUND(AVERAGEIF(processed_data!$A:$A,$A5,processed_data!C:C),2) -> #DIV/0! | C5: =ROUND(AVERAGEIF(processed_data!$A:$A,$A5,processed_data!D:D),2) -> #DIV/0! | D5: =ROUND(AVERAGEIF(processed_data!$A:$A,$A5,processed_data!E:E),2) -> #DIV/0! | E5: =ROUND(AVERAGEIF(processed_data!$A:$A,$A5,processed_data!F:F),2) -> #DIV/0! | F5: =ROUND(AVERAGEIF(processed_data!$A:$A,$A5,processed_data!G:G),2) -> #DIV/0! | G5: =ROUND(AVERAGEIF(processed_data!$A:$A,$A5,processed_data!H:H),2) -> #DIV/0! | H5: =IFERROR(__xludf.DUMMYFUNCTION("median(filter(processed_data!C:C,isnumber(processed_data!C:C),processed_data!$A:$A=$A5))"),"#N/A") -> #N/A | I5: =IFERROR(__xludf.DUMMYFUNCTION("median(filter(processed_data!D:D,isnumber(processed_data!D:D),processed_data!$A:$A=$A5))"),"#N/A") -> #N/A | J5: =IFERROR(__xludf.DUMMYFUNCTION("median(filter(processed_data!E:E,isnumber(processed_data!E:E),processed_data!$A:$A=$A5))"),"#N/A") -> #N/A | K5: =IFERROR(__xludf.DUMMYFUNCTION("median(filter(processed_data!F:F,isnumber(processed_data!F:F),processed_data!$A:$A=$A5))"),"#N/A") -> #N/A | L5: =IFERROR(__xludf.DUMMYFUNCTION("median(filter(processed_data!G:G,isnumber(processed_data!G:G),processed_data!$A:$A=$A5))"),"#N/A") -> #N/A | M5: =IFERROR(__xludf.DUMMYFUNCTION("median(filter(processed_data!H:H,isnumber(processed_data!H:H),processed_data!$A:$A=$A5))"),"#N/A") -> #N/A | N5: =SUM(B5:G5) -> #DIV/0! | O5: =ROUND(AVERAGE(B5:G5),1) -> #DIV/0! | P5: =COUNTIF(processed_data!$A:$A,A5) -> 0 | Q5: =ROUND(AVERAGEIF(processed_data!$A:$A,$A5,processed_data!I:I),2) -> #DIV/0! | R5: =IFERROR(__xludf.DUMMYFUNCTION("median(filter(processed_data!I:I,isnumber(processed_data!I:I),processed_data!$A:$A=$A5))"),"#N/A") -> #N/A
A6: 2021-11 | B6: =ROUND(AVERAGEIF(processed_data!$A:$A,$A6,processed_data!C:C),2) -> #DIV/0! | C6: =ROUND(AVERAGEIF(processed_data!$A:$A,$A6,processed_data!D:D),2) -> #DIV/0! | D6: =ROUND(AVERAGEIF(processed_data!$A:$A,$A6,processed_data!E:E),2) -> #DIV/0! | E6: =ROUND(AVERAGEIF(processed_data!$A:$A,$A6,processed_data!F:F),2) -> #DIV/0! | F6: =ROUND(AVERAGEIF(processed_data!$A:$A,$A6,processed_data!G:G),2) -> #DIV/0! | G6: =ROUND(AVERAGEIF(processed_data!$A:$A,$A6,processed_data!H:H),2) -> #DIV/0! | H6: =IFERROR(__xludf.DUMMYFUNCTION("median(filter(processed_data!C:C,isnumber(processed_data!C:C),processed_data!$A:$A=$A6))"),"#N/A") -> #N/A | I6: =IFERROR(__xludf.DUMMYFUNCTION("median(filter(processed_data!D:D,isnumber(processed_data!D:D),processed_data!$A:$A=$A6))"),"#N/A") -> #N/A | J6: =IFERROR(__xludf.DUMMYFUNCTION("median(filter(processed_data!E:E,isnumber(processed_data!E:E),processed_data!$A:$A=$A6))"),"#N/A") -> #N/A | K6: =IFERROR(__xludf.DUMMYFUNCTION("median(filter(processed_data!F:F,isnumber(processed_data!F:F),processed_data!$A:$A=$A6))"),"#N/A") -> #N/A | L6: =IFERROR(__xludf.DUMMYFUNCTION("median(filter(processed_data!G:G,isnumber(processed_data!G:G),processed_data!$A:$A=$A6))"),"#N/A") -> #N/A | M6: =IFERROR(__xludf.DUMMYFUNCTION("median(filter(processed_data!H:H,isnumber(processed_data!H:H),processed_data!$A:$A=$A6))"),"#N/A") -> #N/A | N6: =SUM(B6:G6) -> #DIV/0! | O6: =ROUND(AVERAGE(B6:G6),1) -> #DIV/0! | P6: =COUNTIF(processed_data!$A:$A,A6) -> 0 | Q6: =ROUND(AVERAGEIF(processed_data!$A:$A,$A6,processed_data!I:I),2) -> #DIV/0! | R6: =IFERROR(__xludf.DUMMYFUNCTION("median(filter(processed_data!I:I,isnumber(processed_data!I:I),processed_data!$A:$A=$A6))"),"#N/A") -> #N/A
A7: 2021-12 | B7: =ROUND(AVERAGEIF(processed_data!$A:$A,$A7,processed_data!C:C),2) -> #DIV/0! | C7: =ROUND(AVERAGEIF(processed_data!$A:$A,$A7,processed_data!D:D),2) -> #DIV/0! | D7: =ROUND(AVERAGEIF(processed_data!$A:$A,$A7,processed_data!E:E),2) -> #DIV/0! | E7: =ROUND(AVERAGEIF(processed_data!$A:$A,$A7,processed_data!F:F),2) -> #DIV/0! | F7: =ROUND(AVERAGEIF(processed_data!$A:$A,$A7,processed_data!G:G),2) -> #DIV/0! | G7: =ROUND(AVERAGEIF(processed_data!$A:$A,$A7,processed_data!H:H),2) -> #DIV/0! | H7: =IFERROR(__xludf.DUMMYFUNCTION("median(filter(processed_data!C:C,isnumber(processed_data!C:C),processed_data!$A:$A=$A7))"),"#N/A") -> #N/A | I7: =IFERROR(__xludf.DUMMYFUNCTION("median(filter(processed_data!D:D,isnumber(processed_data!D:D),processed_data!$A:$A=$A7))"),"#N/A") -> #N/A | J7: =IFERROR(__xludf.DUMMYFUNCTION("median(filter(processed_data!E:E,isnumber(processed_data!E:E),processed_data!$A:$A=$A7))"),"#N/A") -> #N/A | K7: =IFERROR(__xludf.DUMMYFUNCTION("median(filter(processed_data!F:F,isnumber(processed_data!F:F),processed_data!$A:$A=$A7))"),"#N/A") -> #N/A | L7: =IFERROR(__xludf.DUMMYFUNCTION("median(filter(processed_data!G:G,isnumber(processed_data!G:G),processed_data!$A:$A=$A7))"),"#N/A") -> #N/A | M7: =IFERROR(__xludf.DUMMYFUNCTION("median(filter(processed_data!H:H,isnumber(processed_data!H:H),processed_data!$A:$A=$A7))"),"#N/A") -> #N/A | N7: =SUM(B7:G7) -> #DIV/0! | O7: =ROUND(AVERAGE(B7:G7),1) -> #DIV/0! | P7: =COUNTIF(processed_data!$A:$A,A7) -> 0 | Q7: =ROUND(AVERAGEIF(processed_data!$A:$A,$A7,processed_data!I:I),2) -> #DIV/0! | R7: =IFERROR(__xludf.DUMMYFUNCTION("median(filter(processed_data!I:I,isnumber(processed_data!I:I),processed_data!$A:$A=$A7))"),"#N/A") -> #N/A
A8: 2022-01 | B8: =ROUND(AVERAGEIF(processed_data!$A:$A,$A8,processed_data!C:C),2) -> #DIV/0! | C8: =ROUND(AVERAGEIF(processed_data!$A:$A,$A8,processed_data!D:D),2) -> #DIV/0! | D8: =ROUND(AVERAGEIF(processed_data!$A:$A,$A8,processed_data!E:E),2) -> #DIV/0! | E8: =ROUND(AVERAGEIF(processed_data!$A:$A,$A8,processed_data!F:F),2) -> #DIV/0! | F8: =ROUND(AVERAGEIF(processed_data!$A:$A,$A8,processed_data!G:G),2) -> #DIV/0! | G8: =ROUND(AVERAGEIF(processed_data!$A:$A,$A8,processed_data!H:H),2) -> #DIV/0! | H8: =IFERROR(__xludf.DUMMYFUNCTION("median(filter(processed_data!C:C,isnumber(processed_data!C:C),processed_data!$A:$A=$A8))"),"#N/A") -> #N/A | I8: =IFERROR(__xludf.DUMMYFUNCTION("median(filter(processed_data!D:D,isnumber(processed_data!D:D),processed_data!$A:$A=$A8))"),"#N/A") -> #N/A | J8: =IFERROR(__xludf.DUMMYFUNCTION("median(filter(processed_data!E:E,isnumber(processed_data!E:E),processed_data!$A:$A=$A8))"),"#N/A") -> #N/A | K8: =IFERROR(__xludf.DUMMYFUNCTION("median(filter(processed_data!F:F,isnumber(processed_data!F:F),processed_data!$A:$A=$A8))"),"#N/A") -> #N/A | L8: =IFERROR(__xludf.DUMMYFUNCTION("median(filter(processed_data!G:G,isnumber(processed_data!G:G),processed_data!$A:$A=$A8))"),"#N/A") -> #N/A | M8: =IFERROR(__xludf.DUMMYFUNCTION("median(filter(processed_data!H:H,isnumber(processed_data!H:H),processed_data!$A:$A=$A8))"),"#N/A") -> #N/A | N8: =SUM(B8:G8) -> #DIV/0! | O8: =ROUND(AVERAGE(B8:G8),1) -> #DIV/0! | P8: =COUNTIF(processed_data!$A:$A,A8) -> 0 | Q8: =ROUND(AVERAGEIF(processed_data!$A:$A,$A8,processed_data!I:I),2) -> #DIV/0! | R8: =IFERROR(__xludf.DUMMYFUNCTION("median(filter(processed_data!I:I,isnumber(processed_data!I:I),processed_data!$A:$A=$A8))"),"#N/A") -> #N/A
A9: 2022-02 | B9: =ROUND(AVERAGEIF(processed_data!$A:$A,$A9,processed_data!C:C),2) -> #DIV/0! | C9: =ROUND(AVERAGEIF(processed_data!$A:$A,$A9,processed_data!D:D),2) -> #DIV/0! | D9: =ROUND(AVERAGEIF(processed_data!$A:$A,$A9,processed_data!E:E),2) -> #DIV/0! | E9: =ROUND(AVERAGEIF(processed_data!$A:$A,$A9,processed_data!F:F),2) -> #DIV/0! | F9: =ROUND(AVERAGEIF(processed_data!$A:$A,$A9,processed_data!G:G),2) -> #DIV/0! | G9: =ROUND(AVERAGEIF(processed_data!$A:$A,$A9,processed_data!H:H),2) -> #DIV/0! | H9: =IFERROR(__xludf.DUMMYFUNCTION("median(filter(processed_data!C:C,isnumber(processed_data!C:C),processed_data!$A:$A=$A9))"),"#N/A") -> #N/A | I9: =IFERROR(__xludf.DUMMYFUNCTION("median(filter(processed_data!D:D,isnumber(processed_data!D:D),processed_data!$A:$A=$A9))"),"#N/A") -> #N/A | J9: =IFERROR(__xludf.DUMMYFUNCTION("median(filter(processed_data!E:E,isnumber(processed_data!E:E),processed_data!$A:$A=$A9))"),"#N/A") -> #N/A | K9: =IFERROR(__xludf.DUMMYFUNCTION("median(filter(processed_data!F:F,isnumber(processed_data!F:F),processed_data!$A:$A=$A9))"),"#N/A") -> #N/A | L9: =IFERROR(__xludf.DUMMYFUNCTION("median(filter(processed_data!G:G,isnumber(processed_data!G:G),processed_data!$A:$A=$A9))"),"#N/A") -> #N/A | M9: =IFERROR(__xludf.DUMMYFUNCTION("median(filter(processed_data!H:H,isnumber(processed_data!H:H),processed_data!$A:$A=$A9))"),"#N/A") -> #N/A | N9: =SUM(B9:G9) -> #DIV/0! | O9: =ROUND(AVERAGE(B9:G9),1) -> #DIV/0! | P9: =COUNTIF(processed_data!$A:$A,A9) -> 0 | Q9: =ROUND(AVERAGEIF(processed_data!$A:$A,$A9,processed_data!I:I),2) -> #DIV/0! | R9: =IFERROR(__xludf.DUMMYFUNCTION("median(filter(processed_data!I:I,isnumber(processed_data!I:I),processed_data!$A:$A=$A9))"),"#N/A") -> #N/A
A10: 2022-03 | B10: =ROUND(AVERAGEIF(processed_data!$A:$A,$A10,processed_data!C:C),2) -> #DIV/0! | C10: =ROUND(AVERAGEIF(processed_data!$A:$A,$A10,processed_data!D:D),2) -> #DIV/0! | D10: =ROUND(AVERAGEIF(processed_data!$A:$A,$A10,processed_data!E:E),2) -> #DIV/0! | E10: =ROUND(AVERAGEIF(processed_data!$A:$A,$A10,processed_data!F:F),2) -> #DIV/0! | F10: =ROUND(AVERAGEIF(processed_data!$A:$A,$A10,processed_data!G:G),2) -> #DIV/0! | G10: =ROUND(AVERAGEIF(processed_data!$A:$A,$A10,processed_data!H:H),2) -> #DIV/0! | H10: =IFERROR(__xludf.DUMMYFUNCTION("median(filter(processed_data!C:C,isnumber(processed_data!C:C),processed_data!$A:$A=$A10))"),"#N/A") -> #N/A | I10: =IFERROR(__xludf.DUMMYFUNCTION("median(filter(processed_data!D:D,isnumber(processed_data!D:D),processed_data!$A:$A=$A10))"),"#N/A") -> #N/A | J10: =IFERROR(__xludf.DUMMYFUNCTION("median(filter(processed_data!E:E,isnumber(processed_data!E:E),processed_data!$A:$A=$A10))"),"#N/A") -> #N/A | K10: =IFERROR(__xludf.DUMMYFUNCTION("median(filter(processed_data!F:F,isnumber(processed_data!F:F),processed_data!$A:$A=$A10))"),"#N/A") -> #N/A | L10: =IFERROR(__xludf.DUMMYFUNCTION("median(filter(processed_data!G:G,isnumber(processed_data!G:G),processed_data!$A:$A=$A10))"),"#N/A") -> #N/A | M10: =IFERROR(__xludf.DUMMYFUNCTION("median(filter(processed_data!H:H,isnumber(processed_data!H:H),processed_data!$A:$A=$A10))"),"#N/A") -> #N/A | N10: =SUM(B10:G10) -> #DIV/0! | O10: =ROUND(AVERAGE(B10:G10),1) -> #DIV/0! | P10: =COUNTIF(processed_data!$A:$A,A10) -> 0 | Q10: =ROUND(AVERAGEIF(processed_data!$A:$A,$A10,processed_data!I:I),2) -> #DIV/0! | R10: =IFERROR(__xludf.DUMMYFUNCTION("median(filter(processed_data!I:I,isnumber(processed_data!I:I),processed_data!$A:$A=$A10))"),"#N/A") -> #N/A
A11: 2022-04 | B11: =ROUND(AVERAGEIF(processed_data!$A:$A,$A11,processed_data!C:C),2) -> #DIV/0! | C11: =ROUND(AVERAGEIF(processed_data!$A:$A,$A11,processed_data!D:D),2) -> #DIV/0! | D11: =ROUND(AVERAGEIF(processed_data!$A:$A,$A11,processed_data!E:E),2) -> #DIV/0! | E11: =ROUND(AVERAGEIF(processed_data!$A:$A,$A11,processed_data!F:F),2) -> #DIV/0! | F11: =ROUND(AVERAGEIF(processed_data!$A:$A,$A11,processed_data!G:G),2) -> #DIV/0! | G11: =ROUND(AVERAGEIF(processed_data!$A:$A,$A11,processed_data!H:H),2) -> #DIV/0! | H11: =IFERROR(__xludf.DUMMYFUNCTION("median(filter(processed_data!C:C,isnumber(processed_data!C:C),processed_data!$A:$A=$A11))"),"#N/A") -> #N/A | I11: =IFERROR(__xludf.DUMMYFUNCTION("median(filter(processed_data!D:D,isnumber(processed_data!D:D),processed_data!$A:$A=$A11))"),"#N/A") -> #N/A | J11: =IFERROR(__xludf.DUMMYFUNCTION("median(filter(processed_data!E:E,isnumber(processed_data!E:E),processed_data!$A:$A=$A11))"),"#N/A") -> #N/A | K11: =IFERROR(__xludf.DUMMYFUNCTION("median(filter(processed_data!F:F,isnumber(processed_data!F:F),processed_data!$A:$A=$A11))"),"#N/A") -> #N/A | L11: =IFERROR(__xludf.DUMMYFUNCTION("median(filter(processed_data!G:G,isnumber(processed_data!G:G),processed_data!$A:$A=$A11))"),"#N/A") -> #N/A | M11: =IFERROR(__xludf.DUMMYFUNCTION("median(filter(processed_data!H:H,isnumber(processed_data!H:H),processed_data!$A:$A=$A11))"),"#N/A") -> #N/A | N11: =SUM(B11:G11) -> #DIV/0! | O11: =ROUND(AVERAGE(B11:G11),1) -> #DIV/0! | P11: =COUNTIF(processed_data!$A:$A,A11) -> 0 | Q11: =ROUND(AVERAGEIF(processed_data!$A:$A,$A11,processed_data!I:I),2) -> #DIV/0! | R11: =IFERROR(__xludf.DUMMYFUNCTION("median(filter(processed_data!I:I,isnumber(processed_data!I:I),processed_data!$A:$A=$A11))"),"#N/A") -> #N/A
A12: 2022-05 | B12: =ROUND(AVERAGEIF(processed_data!$A:$A,$A12,processed_data!C:C),2) -> #DIV/0! | C12: =ROUND(AVERAGEIF(processed_data!$A:$A,$A12,processed_data!D:D),2) -> #DIV/0! | D12: =ROUND(AVERAGEIF(processed_data!$A:$A,$A12,processed_data!E:E),2) -> #DIV/0! | E12: =ROUND(AVERAGEIF(processed_data!$A:$A,$A12,processed_data!F:F),2) -> #DIV/0! | F12: =ROUND(AVERAGEIF(processed_data!$A:$A,$A12,processed_data!G:G),2) -> #DIV/0! | G12: =ROUND(AVERAGEIF(processed_data!$A:$A,$A12,processed_data!H:H),2) -> #DIV/0! | H12: =IFERROR(__xludf.DUMMYFUNCTION("median(filter(processed_data!C:C,isnumber(processed_data!C:C),processed_data!$A:$A=$A12))"),"#N/A") -> #N/A | I12: =IFERROR(__xludf.DUMMYFUNCTION("median(filter(processed_data!D:D,isnumber(processed_data!D:D),processed_data!$A:$A=$A12))"),"#N/A") -> #N/A | J12: =IFERROR(__xludf.DUMMYFUNCTION("median(filter(processed_data!E:E,isnumber(processed_data!E:E),processed_data!$A:$A=$A12))"),"#N/A") -> #N/A | K12: =IFERROR(__xludf.DUMMYFUNCTION("median(filter(processed_data!F:F,isnumber(processed_data!F:F),processed_data!$A:$A=$A12))"),"#N/A") -> #N/A | L12: =IFERROR(__xludf.DUMMYFUNCTION("median(filter(processed_data!G:G,isnumber(processed_data!G:G),processed_data!$A:$A=$A12))"),"#N/A") -> #N/A | M12: =IFERROR(__xludf.DUMMYFUNCTION("median(filter(processed_data!H:H,isnumber(processed_data!H:H),processed_data!$A:$A=$A12))"),"#N/A") -> #N/A | N12: =SUM(B12:G12) -> #DIV/0! | O12: =ROUND(AVERAGE(B12:G12),1) -> #DIV/0! | P12: =COUNTIF(processed_data!$A:$A,A12) -> 0 | Q12: =ROUND(AVERAGEIF(processed_data!$A:$A,$A12,processed_data!I:I),2) -> #DIV/0! | R12: =IFERROR(__xludf.DUMMYFUNCTION("median(filter(processed_data!I:I,isnumber(processed_data!I:I),processed_data!$A:$A=$A12))"),"#N/A") -> #N/A
A13: 2022-06 | B13: =ROUND(AVERAGEIF(processed_data!$A:$A,$A13,processed_data!C:C),2) -> #DIV/0! | C13: =ROUND(AVERAGEIF(processed_data!$A:$A,$A13,processed_data!D:D),2) -> #DIV/0! | D13: =ROUND(AVERAGEIF(processed_data!$A:$A,$A13,processed_data!E:E),2) -> #DIV/0! | E13: =ROUND(AVERAGEIF(processed_data!$A:$A,$A13,processed_data!F:F),2) -> #DIV/0! | F13: =ROUND(AVERAGEIF(processed_data!$A:$A,$A13,processed_data!G:G),2) -> #DIV/0! | G13: =ROUND(AVERAGEIF(processed_data!$A:$A,$A13,processed_data!H:H),2) -> #DIV/0! | H13: =IFERROR(__xludf.DUMMYFUNCTION("median(filter(processed_data!C:C,isnumber(processed_data!C:C),processed_data!$A:$A=$A13))"),"#N/A") -> #N/A | I13: =IFERROR(__xludf.DUMMYFUNCTION("median(filter(processed_data!D:D,isnumber(processed_data!D:D),processed_data!$A:$A=$A13))"),"#N/A") -> #N/A | J13: =IFERROR(__xludf.DUMMYFUNCTION("median(filter(processed_data!E:E,isnumber(processed_data!E:E),processed_data!$A:$A=$A13))"),"#N/A") -> #N/A | K13: =IFERROR(__xludf.DUMMYFUNCTION("median(filter(processed_data!F:F,isnumber(processed_data!F:F),processed_data!$A:$A=$A13))"),"#N/A") -> #N/A | L13: =IFERROR(__xludf.DUMMYFUNCTION("median(filter(processed_data!G:G,isnumber(processed_data!G:G),processed_data!$A:$A=$A13))"),"#N/A") -> #N/A | M13: =IFERROR(__xludf.DUMMYFUNCTION("median(filter(processed_data!H:H,isnumber(processed_data!H:H),processed_data!$A:$A=$A13))"),"#N/A") -> #N/A | N13: =SUM(B13:G13) -> #DIV/0! | O13: =ROUND(AVERAGE(B13:G13),1) -> #DIV/0! | P13: =COUNTIF(processed_data!$A:$A,A13) -> 0 | Q13: =ROUND(AVERAGEIF(processed_data!$A:$A,$A13,processed_data!I:I),2) -> #DIV/0! | R13: =IFERROR(__xludf.DUMMYFUNCTION("median(filter(processed_data!I:I,isnumber(processed_data!I:I),processed_data!$A:$A=$A13))"),"#N/A") -> #N/A

Sheet graph
A24: 以下のグラフは「1 : 悪い ~ 7 : 良い」になっています。
A25: 設問１（楽しさ）→ 1 : 楽しくない ~ 7 : 楽しい | G25: 設問２（目的）→ 1 : 目的を持っていない ~ 7 : 目的を持っている | M25: 設問３（可能性）→ 1 : 可能性は大事ではない ~ 7 : 可能性は大事である | T25: 設問４（感情的圧力）→ 1 : 感情的圧力が強い ~ 7: 感情的圧力が弱い | Z25: 設問５（経済的圧力）→ 1 : 経済的圧力が強い ~ 7 : 経済的圧力が弱い | AF25: 設問６（惰性）→ 1 : 惰性で仕事をしている ~ 7 : 惰性で仕事をしていない

Sheet questions
A1: 設問１（楽しさ）：NapoleonTeamの仕事をしているのは、仕事そのものが楽しいからだ（ 1 全く当てはまらない ~ 7 とても当てはまる）
A2: 設問２（目的）：NapoleonTeamの仕事をしているのは、仕事によって直接生み出される成果、世の中への影響が大切だからだ（ 1 全く当てはまらない ~ 7 とても当てはまる）
A3: 設問３（可能性）：NapoleonTeamの仕事をしているのは、将来の自分の事につながる能力が磨かれるなど、二次的な成果が大切だからだ（ 1 全く当てはまらない ~ 7 とても当てはまる）
A4: 設問４（感情的圧力）：NapoleonTeamの仕事をしているのは、ステークホルダー、同僚、上司、その他、自分を気にかけてくれる人を落胆させないためだ（ 1 全く当てはまらない ~ 7 とても当てはまる）
A5: 設問５（経済的圧力）：NapoleonTeamの仕事をしているのは、この仕事を失うと、金銭的な目標・生活の維持ができないからだ（ 1 全く当てはまらない ~ 7 とても当てはまる）
A6: 設問６（惰性）：NapoleonTeamの仕事をしているのは、特にこの仕事をしている理由もなく、惰性で続けているからだ（ 1 全く当てはまらない ~ 7 とても当てはまる）
